id,name
1,Golden River Trading Co Ltd
1,Golden River Tradng Company Limited
1,Golden-River Trading Ltd
1,Golden Rivar Trading Co
2,Asia Jade Export Company
2,Asia Jade Exports Co Ltd
2,Asia Jaed Export Co
2,Asia-Jade Export Limited
3,Myanmar Star Foods Ltd
3,Myanmr Star Food Limited
3,Myanmar Star Food Co
3,Myanmar-Star Foods Company
4,Delta Marine Products Co Ltd
4,Delta Marin Product Ltd
4,Delta Marine Product Company
4,Delta-Marine Products Limited
5,Emerald Rice Mill Exporter
5,Emerald Rice Mills Export Co
5,Emerld Rice Mill Exporter
5,Emerald-Rice Mill Exports
6,Sun Peak Logistics Ltd
6,Sunpeak Logistic Company
6,Sun Peak Logstics Co Ltd
6,Sun-Peak Logistics Limited
